<?xml version="1.0" encoding="UTF-8"?>
<beans xmlns="http://www.springframework.org/schema/beans"
       xmlns:xsi="http://www.w3.org/2001/XMLSchema-instance"
       xmlns:context="http://www.springframework.org/schema/context"
       xsi:schemaLocation="http://www.springframework.org/schema/beans http://www.springframework.org/schema/beans/spring-beans.xsd http://www.springframework.org/schema/context https://www.springframework.org/schema/context/spring-context.xsd">

    <!-- 导入外部属性文件的配置 -->
    <context:property-placeholder location="classpath:db.properties"></context:property-placeholder>

    <!-- 获取外部属性文件的配置 ${} -->
    <bean id="dataSource" class="com.mchange.v2.c3p0.ComboPooledDataSource">
        <property name="user" value="${db.user}"></property>
        <property name="password" value="${db.password}"></property>
        <property name="jdbcUrl" value="${db.jdbcUrl}"></property>
        <property name="driverClass" value="${db.driverclass}"></property>
    </bean>

</beans>