<?xml version="1.0" encoding="UTF-8"?>
<beans xmlns="http://www.springframework.org/schema/beans"
       xmlns:xsi="http://www.w3.org/2001/XMLSchema-instance"
       xmlns:context="http://www.springframework.org/schema/context"
       xmlns:tx="http://www.springframework.org/schema/tx"
       xsi:schemaLocation="http://www.springframework.org/schema/beans http://www.springframework.org/schema/beans/spring-beans.xsd
		http://www.springframework.org/schema/tx http://www.springframework.org/schema/tx/spring-tx-4.0.xsd
		http://www.springframework.org/schema/context http://www.springframework.org/schema/context/spring-context-4.0.xsd">

    <!-- 导入属性文件 -->
    <context:property-placeholder location="classpath:db.properties"/>

    <!-- 添加扫描包 -->
    <context:component-scan base-package="com.igeek.ch07.trans.dao,com.igeek.ch07.trans.service"></context:component-scan>

    <!-- 配置C3P0的连接池 -->
    <bean id="dataSource" class="com.mchange.v2.c3p0.ComboPooledDataSource">
        <property name="user" value="${db.user}"></property>
        <property name="password" value="${db.password}"></property>
        <property name="jdbcUrl" value="${db.jdbcUrl}"></property>
        <property name="driverClass" value="${db.driverclass}"></property>
    </bean>

    <!-- 配置JdbcTemplate -->
    <bean id="jdbcTemplate" class="org.springframework.jdbc.core.JdbcTemplate">
        <property name="dataSource" ref="dataSource"></property>
    </bean>

    <!-- 配置NamedParameterJdbcTemplate,没有无参构造器,必须以构造器注入方式操作 -->
    <bean id="namedParam" class="org.springframework.jdbc.core.namedparam.NamedParameterJdbcTemplate">
        <constructor-arg name="dataSource" ref="dataSource"></constructor-arg>
    </bean>

    <!-- spring JDBC支持的事务管理器   DataSourceTransactionManager -->
    <bean id="transactionManager" class="org.springframework.jdbc.datasource.DataSourceTransactionManager">
        <property name="dataSource" ref="dataSource"></property>
    </bean>

    <!-- 声明支持  注解式事务管理 -->
    <tx:annotation-driven transaction-manager="transactionManager"/>

</beans>